OBJECTID,businessUnit_name,businessUnit_number,Description,Type,businessUnit_isStoreOpen,Address,City,County,State,Postal Code,businessUnit_status_code,Operation Status,Modified Operating Hours,Pharmacy open to public,Fuel Station open to public,Business Unit #,Grocery delivery service offered,Grocery delivery status,Online grocery pickup service offered,Online grocery pickup status,x,y,latitude,longitude
29040,"ROGERS, AR",1,WM Supercenter,Retail,True,2110 W WALNUT ST,ROGERS,BENTON,AR,72756-3246,5,Open,,Y,Y,1,Yes,,Yes,Not Available,-10480624.75,4346304.021,36.331237,-94.1490913
29041,"TUNKHANNOCK, PA",2024,WM Supercenter,Retail,True,808 HUNTER HWY,TUNKHANNOCK,WYOMING,PA,18657-8071,5,Open,,Y,Y,2024,No,Available,No,Available,-8454430.459,5089938.676,41.524056,-75.9474955
29042,TAHLEQUAH OK,10,WM Supercenter,Retail,True,2020 S MUSKOGEE AVE,TAHLEQUAH,CHEROKEE,OK,74464-5439,5,Open,,Y,Y,10,No,,No,Available,-10573104.53,4285332.153,35.8907411,-94.977284
29043,"TRACY, CA",2025,WM Supercenter,Retail,True,3010 W GRANT LINE RD,TRACY,SAN JOAQUIN,CA,95304-9402,5,Open,,Y,Y,2025,No,Not Available,No,Not Available,-13522169.46,4544402.716,37.7515535,-121.4720419
29044,"BENTONVILLE, AR",100,WM Supercenter,Retail,True,406 S WALTON BLVD,BENTONVILLE,BENTON,AR,72712-5705,5,Open,,Y,Y,100,No,Not Available,No,Not Available,-10489061.65,4351400.386,36.3682292,-94.2249416
29045,PONCE-PR,2026,WM Supercenter,Retail,True,3305 AVE.BARAMAYA SUITE 100,PONCE,PONCE,PR,00728-0000,5,Open,,Y,Y,2026,,,Yes,,-7418617.848,2037239.54,26.6495,-98.34557
29046,BROWNSVILLE TX,1000,WM Supercenter,Retail,True,2721 BOCA CHICA BLVD,BROWNSVILLE,CAMERON,TX,78521-3501,5,Open,,Y,Y,1000,Yes,,Yes,Available,-10851090.34,2989812.41,25.9249283,-97.4770684
29047,"LAVALE, MD",2027,WM Supercenter,Retail,True,12500 COUNTRY CLUB MALL RD,LAVALE,ALLEGANY,MD,21502-7553,5,Open,,Y,Y,2027,Yes,Available,Yes,Available,-8775877.845,4811582.988,39.6251694,-78.8341661
29048,"PUEBLO, CO",1001,WM Supercenter,Retail,True,4080 W NORTHERN AVE,PUEBLO,PUEBLO,CO,81005-3503,5,Open,,Y,Y,1001,Yes,Available,Yes,Available,-11651243.15,4612296.455,38.2322834,-104.6650483
29049,"RIVERSIDE (S), CA",2028,WM Supercenter,Retail,True,5200 VAN BUREN BLVD,RIVERSIDE,RIVERSIDE,CA,92503-2544,5,Open,,Y,Y,2028,No,,Yes,,-13075068.53,4020355.326,33.9367789,-117.454972
29050,LINTON IN,1002,WM Supercenter,Retail,True,2251 E STATE HIGHWAY 54,LINTON,GREENE,IN,47441-9498,5,Open,,Y,Y,1002,Yes,,Yes,,-9699346.047,4726811.949,39.038263,-87.125596
29052,PLANO IL,1003,WM Supercenter,Retail,True,6800 W US HIGHWAY 34,PLANO,KENDALL,IL,60545-9603,5,Open,,Y,Y,1003,No,,No,Available,-9858835.151,5109129.801,41.656683,-88.557484
29053,BROOKFIELD MO,203,WM Supercenter,Retail,True,937 PARK CIRCLE DR,BROOKFIELD,LINN,MO,64628-7920,5,Open,,Y,Y,203,No,,Yes,,-10360810.36,4832269.504,39.7677932,-93.0727658
29054,BRADENTON FL,1004,WM Supercenter,Retail,True,5315 CORTEZ RD W,BRADENTON,MANATEE,FL,34210-2814,5,Open,,Y,Y,1004,No,Available,No,Available,-9196695.243,3181088.636,27.4602721,-82.6153435
29055,"SONORA, CA",2030,WM Supercenter,Retail,True,1101 SANGUINETTI ROAD,SONORA,TUOLUMNE,CA,95370-6214,5,Open,,Y,Y,2030,No,,No,Available,-13399065.91,4575427.472,37.9738591,-120.3587943
29056,WAVERLY IA,1005,WM Supercenter,Retail,True,2700 4TH ST SW,WAVERLY,BREMER,IA,50677-4351,5,Open,,Y,Y,1005,Yes,Available,Yes,Available,-10294786.88,5266666.752,42.7016995,-92.4796301
29057,"UNION CITY, CA",2031,Wal-Mart,Retail,True,30600 DYER ST,UNION CITY,ALAMEDA,CA,94587-1717,2,Open,,Y,Y,2031,Yes,,Yes,,-13588470.57,4523734.814,37.605537,-122.068506
29058,CORDELE GA,1006,WM Supercenter,Retail,True,1215 E 16TH AVE,CORDELE,CRISP,GA,31015-1543,5,Open,,Y,Y,1006,No,,Yes,,-9324331.054,3758679.42,31.964712,-83.761891
29059,"OXNARD, CA",2032,WM Supercenter,Retail,True,2001 N ROSE AVE,OXNARD,VENTURA,CA,93036-2681,5,Open,,Y,Y,2032,No,,No,,-13265002.4,4058397.468,34.2200752,-119.1615129
29060,RICHLAND CENTER WI,1007,WM Supercenter,Retail,True,2401 US HWY 14 E,RICHLAND CENTER,RICHLAND,WI,53581-2996,5,Open,,Y,Y,1007,No,,No,,-10057602.22,5359676.126,43.318162,-90.361735
29061,MANDAN BISMARCK ND,2033,WM Supercenter,Retail,True,1000 OLD RED TRL NW,MANDAN,MORTON,ND,58554-1591,2,Open,,Y,Y,2033,No,,No,Available,-11232510.32,5917080.086,46.846821,-100.906676
29062,"LOVELAND (N), CO",1008,WM Supercenter,Retail,True,250 W 65TH ST,LOVELAND,LARIMER,CO,80538-4668,5,Open,,Y,Y,1008,Yes,Available,Yes,Available,-11697558.18,4932559.975,40.4569674,-105.0810084
29063,REPUBLIC MO,1009,WM Supercenter,Retail,True,1150 US HIGHWAY 60 E,REPUBLIC,GREENE,MO,65738-1580,5,Open,,Y,Y,1009,No,Available,Yes,Available,-10403754.19,4456961.431,37.12647,-93.463188
29064,ROLLA MO,101,WM Supercenter,Retail,True,500 S BISHOP AVE,ROLLA,PHELPS,MO,65401-4313,5,Open,,Y,Y,101,Yes,Available,Yes,Available,-10216806.91,4570615.379,37.9376721,-91.7792171
29065,ROCKINGHAM NC,1010,WM Supercenter,Retail,True,720 E US HIGHWAY 74,ROCKINGHAM,RICHMOND,NC,28379-7206,5,Open,,Y,Y,1010,No,Available,Yes,Available,-8876490.516,4152083.066,34.910886,-79.72305
29067,RINCON GA,1011,WM Supercenter,Retail,True,434 S COLUMBIA AVE,RINCON,EFFINGHAM,GA,31326-9079,5,Open,,Y,Y,1011,Yes,Available,Yes,Available,-9042023.49,3799449.337,32.2745724,-81.2258701
29068,BEAVER DAM WI,1012,WM Supercenter,Retail,True,120 FRANCES LN,BEAVER DAM,DODGE,WI,53916-1165,5,Open,,Y,Y,1012,No,,Yes,Available,-9886530.105,5386742.127,43.4892819,-88.8113953
29069,CLINTON IN,1013,Wal-Mart,Retail,True,1795 E STATE ROAD 163,CLINTON,VERMILLION,IN,47842-7327,5,Open,,Y,Y,1013,No,,Yes,,-9732780.3,4816102.773,39.657423,-87.431174
29070,INDEPENDENCE MO,1014,WM Supercenter,Retail,True,4000 S BOLGER RD,INDEPENDENCE,JACKSON,MO,64055-6776,5,Open,,Y,Y,1014,No,Available,No,Available,-10504886.94,4728281.598,39.048325,-94.368712
29071,"EL PASO, TX",1015,WM Supercenter,Retail,True,7555 N MESA ST,EL PASO,EL PASO,TX,79912-3505,5,Open,,Y,Y,1015,No,Available,No,Available,-11862862.73,3741821.671,31.8360447,-106.5657121
29072,THIBODAUX LA,1016,WM Supercenter,Retail,True,410 N CANAL BLVD,THIBODAUX,LAFOURCHE,LA,70301-2956,5,Open,,Y,Y,1016,No,Not Available,No,Not Available,-10109848.47,3479089.736,29.8094383,-90.8183167
29073,MANNING SC,1017,WM Supercenter,Retail,True,2010 PAXVILLE HWY,MANNING,CLARENDON,SC,29102-6434,5,Open,,Y,Y,1017,No,,Yes,Available,-8930738.953,3988630.414,33.7002581,-80.2262435
29074,EASTMAN GA,1018,WM Supercenter,Retail,True,1099 INDIAN DR,EASTMAN,DODGE,GA,31023-7663,5,Open,,Y,Y,1018,No,Not Available,No,Not Available,-9259299.989,3786824.375,32.178983,-83.177718
29075,CANON CITY CO,1019,WM Supercenter,Retail,True,3105 E US HIGHWAY 50,CANON CITY,FREMONT,CO,81212-2797,5,Open,,Y,Y,1019,Yes,,Yes,Available,-11709858.87,4643002.034,38.447098,-105.193135
29076,STUTTGART AR,102,WM Supercenter,Retail,True,406 E 22ND ST,STUTTGART,ARKANSAS,AR,72160-9006,5,Open,,Y,Y,102,Yes,,Yes,,-10191193.96,4093040.558,34.4770477,-91.5490773
29077,ALBERT LEA MN,1020,WM Supercenter,Retail,True,1550 BLAKE AVE,ALBERT LEA,FREEBORN,MN,56007-6304,5,Open,,Y,Y,1020,No,,Yes,Available,-10388950.37,5413599.024,43.6642221,-93.3262033
29078,WARRENTON MO,1021,WM Supercenter,Retail,True,500 WARREN COUNTY CTR,WARRENTON,WARREN,MO,63383-3023,5,Open,,Y,Y,1021,No,,Yes,Available,-10145954.61,4696398.185,38.805924,-91.136341
29079,TYLER (W) TX,1022,WM Supercenter,Retail,True,3820 STATE HIGHWAY 64 W,TYLER,SMITH,TX,75704-6924,5,Open,,Y,Y,1022,No,Not Available,Yes,Not Available,-10613811.06,3809498.702,32.3511417,-95.345791
29080,GALAX VA,1023,WM Supercenter,Retail,True,1140 E STUART DR,GALAX,GALAX CITY,VA,24333-2630,5,Open,,Y,Y,1023,No,Not Available,No,Not Available,-9003641.197,4396349.673,36.6928749,-80.8813629
29081,SWAINSBORO GA,1024,WM Supercenter,Retail,True,414 S MAIN ST,SWAINSBORO,EMANUEL,GA,30401-3676,5,Open,,Y,Y,1024,Yes,Available,Yes,Available,-9164991.341,3840763.964,32.588146,-82.330518
29082,MCCOMB MS,1025,WM Supercenter,Retail,True,1608 VETERANS BLVD,MCCOMB,PIKE,MS,39648-2031,5,Open,,Y,Y,1025,No,Not Available,Yes,Not Available,-10071446.81,3667012.436,31.260574,-90.471909
29083,BEDFORD IN,1026,WM Supercenter,Retail,True,3200 JOHN WILLIAMS BLVD,BEDFORD,LAWRENCE,IN,47421-9153,5,Open,,Y,Y,1026,No,,Yes,Not Available,-9630812.982,4702408.718,38.868293,-86.507213
29084,CONCORD NC,1027,WM Supercenter,Retail,True,150 CONCORD COMMONS PL SW,CONCORD,CABARRUS,NC,28027-5026,5,Open,,Y,Y,1027,No,,Yes,Available,-8974891.491,4216860.366,35.365617,-80.635648
29085,"EAST PEORIA, IL",1028,WM Supercenter,Retail,True,401 RIVER RD,EAST PEORIA,TAZEWELL,IL,61611-2063,5,Open,,Y,Y,1028,Yes,Available,Yes,Available,-9972552.353,4965807.205,40.6843712,-89.5842858
29086,HOMOSASSA FL,1029,WM Supercenter,Retail,True,6885 S SUNCOAST BLVD,HOMOSASSA,CITRUS,FL,34446-3404,2,Open,,Y,Y,1029,No,,No,Available,-9189423.074,3345498.419,28.761378,-82.553108
29087,SHAWNEE OK,103,WM Supercenter,Retail,True,196 SHAWNEE MALL DR,SHAWNEE,POTTAWATOMIE,OK,74804-1337,5,Open,,Y,Y,103,No,,Yes,Available,-10789279.08,4216564.743,35.386877,-96.921788
29088,LANCASTER SC,1030,WM Supercenter,Retail,True,805 HWY 9 BYPASS WES,LANCASTER,LANCASTER,SC,29720-4773,5,Open,,Y,Y,1030,Yes,Not Available,Yes,Not Available,-8992918.124,4127825.305,34.721893,-80.757679
29090,PANAMA CITY FL,1032,WM Supercenter,Retail,True,2101 S HIGHWAY 77,LYNN HAVEN,BAY,FL,32444-4631,5,Open,,Y,Y,1032,Yes,Available,Yes,Available,-9534099.499,3532670.087,30.229387,-85.649101
29091,SEYMOUR IN,1033,WM Supercenter,Retail,True,1600 E TIPTON ST,SEYMOUR,JACKSON,IN,47274-3560,5,Open,,Y,Y,1033,No,,Yes,Available,-9558364.81,4715432.035,38.9554804,-85.8644646
29092,SHELBY NC,1034,WM Supercenter,Retail,True,705 E DIXON BLVD,SHELBY,CLEVELAND,NC,28152-6821,5,Open,,Y,Y,1034,No,Not Available,Yes,Not Available,-9075874.634,4201637.297,35.27492,-81.5311679
29093,SPARTANBURG SC,1035,WM Supercenter,Retail,True,141 DORMAN CENTRE DR,SPARTANBURG,SPARTANBURG,SC,29301-2625,5,Open,,Y,Y,1035,No,Not Available,No,Available,-9126521.885,4154819.349,34.9337388,-81.9853958
29094,"FOREST CITY, NC",1036,WM Supercenter,Retail,True,197 PLAZA DR,FOREST CITY,RUTHERFORD,NC,28043-3712,5,Open,,Y,Y,1036,Yes,,Yes,Available,-9117011.304,4209503.014,35.3356102,-81.8995793
29095,SUMMERVILLE SC,1037,WM Supercenter,Retail,True,1317 N MAIN ST STE A1,SUMMERVILLE,BERKELEY,SC,29483-7342,5,Open,,Y,Y,1037,Yes,Available,Yes,Available,-8922633.892,3899940.193,33.0350004,-80.1541662
29096,WASECA MN,1038,WM Supercenter,Retail,True,2103 STATE ST N,WASECA,WASECA,MN,56093-2605,5,Open,,Y,Y,1038,Yes,Available,Yes,Available,-10409478.57,5480539.386,44.096599,-93.507192
29097,MOUNT AIRY NC,1039,WM Supercenter,Retail,True,2241 ROCKFORD ST,MOUNT AIRY,SURRY,NC,27030-5262,5,Open,,Y,Y,1039,No,,No,Available,-8974406.695,4365750.987,36.4719707,-80.6184432
29098,MILAN TN,104,WM Supercenter,Retail,True,15427 S FIRST ST,MILAN,GIBSON,TN,38358-6475,5,Open,,Y,Y,104,No,,Yes,Not Available,-9879372.373,4283595.768,35.874394,-88.744582
29099,HOUSTON (SPENCER) TX,1040,WM Supercenter,Retail,True,15955 FM 529 RD,HOUSTON,HARRIS,TX,77095-2513,5,Open,,Y,Y,1040,No,Available,No,Available,-10647899.54,3487746.936,29.8802775,-95.572288
29100,WESLACO TX,1041,WM Supercenter,Retail,True,1310 N TEXAS BLVD,WESLACO,HIDALGO,TX,78599-0000,5,Open,,Y,Y,1041,No,,Yes,Available,-10907947.88,3020739.262,26.17334,-97.990903
29101,BASTROP TX,1042,WM Supercenter,Retail,True,488 HIGHWAY 71 W,BASTROP,BASTROP,TX,78602-3731,5,Open,,Y,Y,1042,Yes,Available,Yes,Available,-10835004.23,3516846.728,30.108056,-97.337924
29102,PAULS VALLEY OK,1043,WM Supercenter,Retail,True,2008 W GRANT AVE,PAULS VALLEY,GARVIN,OK,73075-9230,5,Open,,Y,Y,1043,No,,No,,-10825685.23,4128151.085,34.736602,-97.248862
29103,TYLER TX,1044,WM Supercenter,Retail,True,5050 TROUP HWY,TYLER,SMITH,TX,75707-1916,5,Open,,Y,Y,1044,No,Available,Yes,Available,-10604311.95,3802497.301,32.2980511,-95.2601127
29104,LAFAYETTE CO,1045,WM Supercenter,Retail,True,745 US HIGHWAY 287,LAFAYETTE,BOULDER,CO,80026-8955,5,Open,,Y,Y,1045,Yes,,Yes,Available,-11700250.22,4866813.059,39.975808,-105.090598
29105,CARRIZO SPRINGS TX,1046,Wal-Mart,Retail,True,2214 N 1ST ST,CARRIZO SPRINGS,DIMMIT,TX,78834-2036,2,Open,,Y,Y,1046,No,,Yes,,-11115089.85,3317580.649,28.542786,-99.848551
29106,MORROW GA,1047,WM Supercenter,Retail,True,6065 JONESBORO RD,MORROW,CLAYTON,GA,30260-1106,5,Open,,Y,Y,1047,Yes,Available,Yes,Available,-9388720.029,3973841.055,33.5895022,-84.3403223
29107,WILLIAMSBURG KY,1048,WM Supercenter,Retail,True,589 W HIGHWAY 92,WILLIAMSBURG,WHITLEY,KY,40769-1684,5,Open,,Y,Y,1048,No,,No,,-9369956.683,4400239.784,36.664608,-84.325687
29109,CORINTH MS,105,WM Supercenter,Retail,True,2301 S HARPER RD,CORINTH,ALCORN,MS,38834-6771,5,Open,,Y,Y,105,Yes,Available,Yes,Available,-9851997.24,4151671.066,34.9101723,-88.5021948
29111,LEVELLAND TX,1051,WM Supercenter,Retail,True,407 E STATE ROAD 114,LEVELLAND,HOCKLEY,TX,79336-2629,5,Open,,Y,Y,1051,No,,Yes,Available,-11394808.68,3974720.531,33.593997,-102.359176
29112,FAYETTE AL,1052,WM Supercenter,Retail,True,3186 HIGHWAY 171 N,FAYETTE,FAYETTE,AL,35555-6172,5,Open,,Y,Y,1052,No,,Yes,,-9774813.426,3992829.992,33.645535,-87.83784
29113,LA GRANGE KY,1053,WM Supercenter,Retail,True,1015 NEW MOODY LN,LA GRANGE,OLDHAM,KY,40031-9142,5,Open,,Y,Y,1053,Yes,,Yes,Available,-9503623.45,4635330.031,38.378771,-85.393578
29114,ATCHISON KS,1054,WM Supercenter,Retail,True,1920 HIGHWAY 73,ATCHISON,ATCHISON,KS,66002-5102,5,Open,,Y,Y,1054,No,,No,Available,-10589737.22,4799388.631,39.556287,-95.1463103
29115,GARLAND TX,1055,WM Supercenter,Retail,True,5302 N GARLAND AVE,GARLAND,DALLAS,TX,75040-2715,5,Open,,Y,Y,1055,Yes,Available,Yes,Available,-10758200.9,3890312.398,32.9613224,-96.6471179
29116,NEWCASTLE OK,1056,WM Supercenter,Retail,True,3300 TRI CITY DR,NEWCASTLE,MCCLAIN,OK,73065-6599,5,Open,,Y,Y,1056,Yes,Available,Yes,Available,-10865502.2,4203891.282,35.215704,-97.551389
29118,TALLASSEE AL EF,1057,WM Supercenter,Retail,True,2190 GILMER AVENUE,TALLASSEE,ELMORE,AL,36078-7123,5,Open,,Y,Y,1057,No,,No,,-9565832.233,3837827.79,32.564562,-85.9316405
29121,MONTROSE CO,1058,WM Supercenter,Retail,True,16750 S TOWNSEND AVE,MONTROSE,MONTROSE,CO,81401-5410,5,Open,,Y,Y,1058,No,,Yes,Available,-12007298.65,4643059.743,38.4490103,-107.8634807
29122,FOREST MS,1059,WM Supercenter,Retail,True,1309 HIGHWAY 35 S,FOREST,SCOTT,MS,39074-5010,5,Open,,Y,Y,1059,No,,Yes,Available,-9961555.211,3807844.674,32.344342,-89.482735
29127,FULTON KY,106,WM Supercenter,Retail,True,1405 MIDDLE RD,FULTON,FULTON,KY,42041-7905,5,Open,,Y,Y,106,No,,Yes,,-9896299.615,4372008.256,36.5174016,-88.9001061
29128,MORGANTON NC,1060,WM Supercenter,Retail,True,G120 MORGANTON HEIGHTS BLVD,MORGANTON,BURKE,NC,28655-5210,5,Open,,Y,Y,1060,No,Available,No,Available,-9095373.356,4263142.702,35.7269945,-81.7046233
29129,HAZELHURST GA,1061,WM Supercenter,Retail,True,136 E JARMAN ST,HAZLEHURST,JEFF DAVIS,GA,31539-6130,5,Open,,Y,Y,1061,No,,No,,-9193496.7,3745200.539,31.8619167,-82.5866459
29134,WEBSTER TX,1062,WM Supercenter,Retail,True,150 W EL DORADO BLVD,FRIENDSWOOD,HARRIS,TX,77546-6500,5,Open,,Y,Y,1062,No,Available,Yes,Available,-10593075.14,3446075.098,29.5528651,-95.1595002
29135,GENEVA AL,1063,Wal-Mart,Retail,True,1608 W MAGNOLIA AVE,GENEVA,GENEVA,AL,36340-1237,2,Open,,Y,Y,1063,No,,No,,-9562275.352,3639434.788,31.051472,-85.899404
29136,LENOIR NC,1064,WM Supercenter,Retail,True,935 BLOWING ROCK BLVD,LENOIR,CALDWELL,NC,28645-3785,5,Open,,Y,Y,1064,Yes,Available,Yes,Available,-9075889.328,4290790.424,35.9285279,-81.5297359
29141,HOPE AR,1065,WM Supercenter,Retail,True,2400 N HERVEY ST,HOPE,HEMPSTEAD,AR,71801-8418,5,Open,,Y,Y,1065,No,,Yes,Available,-10421135.39,3986029.667,33.6807323,-93.6147328
29151,PASCAGOULA MS,1066,WM Supercenter,Retail,True,4253 DENNY AVE,PASCAGOULA,JACKSON,MS,39581-5502,5,Open,,Y,Y,1066,Yes,Available,Yes,Available,-9853853.604,3553344.837,30.3863427,-88.5189643
29160,HALLETSVILLE TX,1067,Wal-Mart,Retail,True,1506 N TEXANA ST,HALLETTSVILLE,LAVACA,TX,77964-2036,2,Open,,Y,Y,1067,No,,No,,-10791089.13,3434139.77,29.4584727,-96.938012
29161,SEBASTIAN FL,1068,WM Supercenter,Retail,True,2001 US HIGHWAY 1,SEBASTIAN,INDIAN RIVER,FL,32958-1615,5,Open,,Y,Y,1068,No,Available,Yes,Available,-8959197.336,3227475.212,27.815169,-80.4686962
29162,NEWTON MS,1069,WM Supercenter,Retail,True,231 EASTSIDE DR,NEWTON,NEWTON,MS,39345-8035,5,Open,,Y,Y,1069,No,,Yes,,-9923207.428,3807876.426,32.32126,-89.16339
29163,MARTIN TN,107,WM Supercenter,Retail,True,134 COURTRIGHT RD,MARTIN,WEAKLEY,TN,38237-1606,5,Open,,Y,Y,107,No,Not Available,No,Available,-9894487.445,4349585.359,36.354884,-88.8822498
29164,ELLIJAY GA,1070,WM Supercenter,Retail,True,88 HIGHLAND XING,EAST ELLIJAY,GILMER,GA,30540-6052,5,Open,,Y,Y,1070,No,,Yes,Available,-9405184.961,4117285.032,34.6561952,-84.4883172
29165,WOOD RIVER IL,1071,WM Supercenter,Retail,True,610 WESLEY DR,WOOD RIVER,MADISON,IL,62095-1894,5,Open,,Y,Y,1071,No,Available,Yes,Available,-10026575.26,4703140.035,38.8706436,-90.07101
29166,TIFTON GA,1072,WM Supercenter,Retail,True,1830 US HIGHWAY 82 W,TIFTON,TIFT,GA,31793-8164,5,Open,,Y,Y,1072,No,,Yes,Available,-9299892.752,3690380.137,31.444492,-83.546812
29167,LAMPASSAS TX,1073,WM Supercenter,Retail,True,1710 CENTRAL TEXAS EXPY,LAMPASAS,LAMPASAS,TX,76550-3421,5,Open,,Y,Y,1073,Yes,Available,Yes,Available,-10926999.66,3640770.896,31.0617143,-98.1588654
29168,GRENADA MS,1074,WM Supercenter,Retail,True,1655 SUNSET DR,GRENADA,GRENADA,MS,38901-4061,5,Open,,Y,Y,1074,No,Available,Yes,Available,-10000706.5,3999507.78,33.7816615,-89.8373494
29169,CLARKSVILLE TN,1075,WM Supercenter,Retail,True,1680 FORT CAMPBELL BLVD,CLARKSVILLE,MONTGOMERY,TN,37042-3537,5,Open,,Y,Y,1075,No,Available,Yes,Available,-9730764.526,4380763.041,36.5809354,-87.4133756
29170,MACON GA,1076,WM Supercenter,Retail,True,1401 GRAY HWY,MACON,BIBB,GA,31211-1905,5,Open,,Y,Y,1076,No,Available,No,Available,-9307509.232,3877145.651,32.8634711,-83.6113679
29171,"TALLAHASSEE, FL",1077,WM Supercenter,Retail,True,3535 APALACHEE PKWY,TALLAHASSEE,LEON,FL,32311-5330,5,Open,,Y,Y,1077,Yes,Available,Yes,Available,-9374693.884,3558359.544,30.4250244,-84.2143106
29172,BALLINGER TX,1078,Wal-Mart,Retail,True,2005 HUTCHINS AVE,BALLINGER,RUNNELS,TX,76821-4427,2,Open,,Y,Y,1078,No,,No,,-11127582.35,3726670.24,31.722274,-99.961542
29173,NEW SMYRNA BEACH FL,1079,WM Supercenter,Retail,True,3155 STATE RD 44,NEW SMYRNA BEACH,VOLUSIA,FL,32168-8880,5,Open,,Y,Y,1079,No,Not Available,Yes,Not Available,-9016173.545,3377641.517,29.0148667,-80.9938985
29174,GUTHRIE OK,108,WM Supercenter,Retail,True,1608 S DIVISION ST,GUTHRIE,LOGAN,OK,73044-5015,5,Open,,Y,Y,108,Yes,Available,Yes,Available,-10845044.58,4281769.963,35.8627228,-97.422758
29175,JOHNSON CITY TN,1080,WM Supercenter,Retail,True,3111 BROWNS MILL RD,JOHNSON CITY,WASHINGTON,TN,37604-1418,5,Open,,Y,Y,1080,No,Available,No,Available,-9172601.698,4350191.901,36.3602814,-82.3990485
29177,GAINESVILLE FL,1081,WM Supercenter,Retail,True,2900 SW 42ND ST,GAINESVILLE,ALACHUA,FL,32608-2379,5,Open,,Y,Y,1081,Yes,Available,Yes,Available,-9171462.454,3455765.556,29.6274106,-82.3884119
29178,JACKSONVILLE FL,1082,WM Supercenter,Retail,True,10991 SAN JOSE BLVD STE 1,JACKSONVILLE,DUVAL,FL,32223-6600,5,Open,,Y,Y,1082,No,Not Available,Yes,Not Available,-9086487.611,3526359.623,30.177358,-81.625278
29180,JACKSONVILLE FL,1083,WM Supercenter,Retail,True,6830 NORMANDY BLVD,JACKSONVILLE,DUVAL,FL,32205-1902,5,Open,,Y,Y,1083,Yes,Available,No,Available,-9101301.118,3542379.242,30.3018919,-81.760836
29181,ORLANDO FL,1084,Wal-Mart,Retail,True,3838 S SEMORAN BLVD,ORLANDO,ORANGE,FL,32822-4006,5,Open,,Y,Y,1084,Yes,,Yes,,-9051698.712,3312792.843,28.4805419,-81.3102154
29182,PORT RICHEY FL,1085,WM Supercenter,Retail,True,8701 US HIGHWAY 19,PORT RICHEY,PASCO,FL,34668-5349,5,Open,,Y,Y,1085,No,Available,No,Available,-9208180.854,3284746.582,28.2843311,-82.7147574
29185,SAINT CLOUD FL,1086,WM Supercenter,Retail,True,4400 13TH ST,SAINT CLOUD,OSCEOLA,FL,34769-6763,5,Open,,Y,Y,1086,No,Available,No,,-9052015.416,3281212.845,28.2465008,-81.3028113
29186,STUART FL,1087,WM Supercenter,Retail,True,4001 SE FEDERAL HWY,STUART,MARTIN,FL,34997-4909,5,Open,,Y,Y,1087,No,Available,Yes,Available,-8929896.042,3143099.429,27.1569704,-80.2186582
29187,BILOXI MS,1088,WM Supercenter,Retail,True,2681 CT SWITZER SR DR,BILOXI,HARRISON,MS,39531-4500,5,Open,,Y,Y,1088,Yes,Available,Yes,Available,-9906878.862,3554095.651,30.406118,-89.001328
29190,KIMBALL /JASPER TN,1089,WM Supercenter,Retail,True,525 KIMBALL CROSSING DR,KIMBALL,MARION,TN,37347-5649,5,Open,,Y,Y,1089,No,,Yes,Not Available,-9538018.056,4169385.344,35.0404841,-85.6816298
29191,CAMERON MO,109,WM Supercenter,Retail,True,2000 N WALNUT ST,CAMERON,DEKALB,MO,64429-8800,5,Open,,Y,Y,109,Yes,Available,Yes,Available,-10489812.84,4830861.314,39.7533042,-94.234417
29192,JACKSONVILLE FL,1090,WM Supercenter,Retail,True,6767 103RD ST,JACKSONVILLE,DUVAL,FL,32210-7135,5,Open,,Y,Y,1090,Yes,Available,Yes,Available,-9100704.669,3535811.485,30.2506027,-81.7533502
29193,ANDALUSIA AL,1091,WM Supercenter,Retail,True,1991 M. L. KING JR.,ANDALUSIA,COVINGTON,AL,36420-4145,5,Open,,Y,Y,1091,No,,Yes,Available,-9623009.597,3674606.815,31.317793,-86.4972754
29199,RANTOUL IL,1093,WM Supercenter,Retail,True,845 BROADMEADOW RD,RANTOUL,CHAMPAIGN,IL,61866-2119,5,Open,,Y,Y,1093,Yes,Available,Yes,Available,-9816003.419,4910438.133,40.3052862,-88.1794077
29207,RAYTOWN MO,1094,WM Supercenter,Retail,True,10300 E HIGHWAY 350,RAYTOWN,JACKSON,MO,64138-1803,5,Open,,Y,Y,1094,No,Available,Yes,Available,-10515163.51,4719343.451,38.950631,-94.466093
29209,GLENWOOD SPRINGS CO,1095,Wal-Mart,Retail,True,3010 BLAKE AVE,GLENWOOD SPRINGS,GARFIELD,CO,81601-4400,5,Open,,Y,Y,1095,Yes,Not Available,Yes,Not Available,-11946790.94,4796716.771,39.5219513,-107.3198346
29212,MOCKSVILLE NC,1096,WM Supercenter,Retail,True,261 COOPER CREEK DR,MOCKSVILLE,DAVIE,NC,27028-5967,5,Open,,Y,Y,1096,Yes,,Yes,Available,-8970984.511,4290655.975,35.9277395,-80.5876143
29213,"ABERDEEN, NC",1097,WM Supercenter,Retail,True,250 TURNER ST,ABERDEEN,MOORE,NC,28315-2363,5,Open,,Y,Y,1097,Yes,Available,Yes,Available,-8841497.346,4185603.745,35.1597816,-79.424538
29216,PORT LAVACA TX,1098,WM Supercenter,Retail,True,400 TINEY BROWNING BLVD,PORT LAVACA,CALHOUN,TX,77979-5215,5,Open,,Y,Y,1098,No,,Yes,,-10756520.42,3328888.964,28.6320079,-96.6274154
29217,WICHITA KS,1099,WM Supercenter,Retail,True,501 E PAWNEE ST,WICHITA,SEDGWICK,KS,67211-4944,5,Open,,Y,Y,1099,Yes,Available,Yes,Available,-10834964.37,4529811.917,37.6474693,-97.332562
29218,MOUNTAIN HOME AR,11,WM Supercenter,Retail,True,65 WALMART DR,MOUNTAIN HOME,BAXTER,AR,72653-6784,5,Open,,Y,Y,11,No,,No,Available,-10279339.96,4349581.489,36.3572019,-92.3412884
29219,WINTER GARDEN FL,110,WM Supercenter,Retail,True,16313 NEW INDEPENDENCE PARKWAY,WINTER GARDEN,ORANGE,FL,34787-0000,2,Open,,Y,Y,110,Yes,Available,No,Available,-9086949.03,3309181.934,28.4766986,-81.6272216
29220,HAMILTON AL,1100,WM Supercenter,Retail,True,1706 MILITARY ST S,HAMILTON,MARION,AL,35570-5021,5,Open,,Y,Y,1100,Yes,Available,Yes,Available,-9795233.873,4044865.182,34.1196685,-87.9923468
29223,WETUMPKA AL,1101,WM Supercenter,Retail,True,4538 US HIGHWAY 231,WETUMPKA,ELMORE,AL,36092-3333,5,Open,,Y,Y,1101,No,,No,Available,-9597096.98,3830095.589,32.617696,-86.233667
29226,HW CMO REVENUE,11017,WM On Campus/RX Facilities,Retail,True,2608 SE J ST,BENTONVILLE,BENTON,AR,72716-5561,1,Open,,,,11017,,,,,-10486387.87,4348207.222,36.3451502,-94.1980482
29227,BAKER LA,1102,WM Supercenter,Retail,True,14507 PLANK RD,BAKER,EAST BATON ROUGE,LA,70714-5431,5,Open,,Y,Y,1102,Yes,Available,Yes,Available,-10144686.24,3578360.027,30.580162,-91.131267
29228,HOUSTON (CORNERSTONE) TX,1103,WM Supercenter,Retail,True,3450 FM 1960 RD W,HOUSTON,HARRIS,TX,77068-3606,5,Open,,Y,Y,1103,Yes,Available,Yes,Available,-10629258.65,3503311.788,29.999422,-95.477362
29230,INVERNESS FL,1104,WM Supercenter,Retail,True,2461 E GULF TO LAKE HWY,INVERNESS,CITRUS,FL,34453-3232,5,Open,,Y,Y,1104,No,,No,Available,-9171901.609,3357551.828,28.854225,-82.389826
29232,NORTH LITTLE ROCK AR,1105,WM Supercenter,Retail,True,4450 E MCCAIN BLVD,NORTH LITTLE ROCK,PULASKI,AR,72117-2519,5,Open,,Y,Y,1105,No,Available,Yes,Available,-10265290.66,4134905.878,34.7865539,-92.2146847
29233,"VIDALIA, LA",1106,WM Supercenter,Retail,True,4283 CARTER ST,VIDALIA,CONCORDIA,LA,71373-3148,5,Open,,Y,Y,1106,No,,Yes,Not Available,-10181568.72,3707962.793,31.567578,-91.4301686
29234,OAKDALE LA,1107,WM Supercenter,Retail,True,1900 HIGHWAY 165 S,OAKDALE,ALLEN,LA,71463-5098,5,Open,,Y,Y,1107,No,,Yes,,-10316851.52,3605941.335,30.776532,-92.683388
29235,"OAK GROVE, LA",1108,WM Supercenter,Retail,True,705 S CONSTITUTION AVE,OAK GROVE,WEST CARROLL,LA,71263-9095,5,Open,,Y,Y,1108,No,,Yes,,-10174061.89,3875875.572,32.854061,-91.392447
29236,RAYVILLE LA,1109,WM Supercenter,Retail,True,1806 JULIA ST,RAYVILLE,RICHLAND,LA,71269-5560,5,Open,,Y,Y,1109,No,,No,Available,-10215049.62,3824224.18,32.46287,-91.76335
29237,CHANUTE KS,111,WM Supercenter,Retail,True,2700 S SANTA FE AVE,CHANUTE,NEOSHO,KS,66720-3204,5,Open,,Y,Y,111,Yes,Available,Yes,Available,-10625562.39,4530623.74,37.6532433,-95.4501473
29238,FARMERVILLE LA,1110,WM Supercenter,Retail,True,833 STERLINGTON HWY,FARMERVILLE,UNION,LA,71241-3805,5,Open,,Y,Y,1110,Yes,Available,Yes,Available,-10285294.55,3865277.926,32.773497,-92.39437
29239,HARTWELL GA,1111,WM Supercenter,Retail,True,1572 ANDERSON HWY,HARTWELL,HART,GA,30643-7197,5,Open,,Y,Y,1111,No,Available,Yes,Available,-9228933.924,4075843.406,34.351215,-82.902809
29240,THOMASTON GA,1112,WM Supercenter,Retail,True,855 N CHURCH ST,THOMASTON,UPSON,GA,30286-3622,5,Open,,Y,Y,1112,No,,Yes,,-9388002.463,3883692.105,32.9124238,-84.3337453
29241,"LONDON, KY",1113,WM Supercenter,Retail,True,1851 HIGHWAY 192 W,LONDON,LAUREL,KY,40741-3032,5,Open,,Y,Y,1113,Yes,,Yes,Not Available,-9361041.55,4455014.854,37.092169,-84.126193
29242,"MOUNTAIN VIEW, AR",1114,WM Supercenter,Retail,True,409 SYLAMORE AVE,MOUNTAIN VIEW,STONE,AR,72560-8607,5,Open,,Y,Y,1114,No,,Yes,,-10252739.06,4282349.5,35.867227,-92.101796
29243,HOHENWALD TN,1115,WM Supercenter,Retail,True,612 E MAIN ST,HOHENWALD,LEWIS,TN,38462-2008,5,Open,,Y,Y,1115,Yes,Available,Yes,Available,-9743656.77,4239875.864,35.557306,-87.528658
29244,DUNCAN OK,1116,WM Supercenter,Retail,True,3393 N 81 HWY,DUNCAN,STEPHENS,OK,73533-1413,5,Open,,Y,Y,1116,No,,Yes,Available,-10906012.15,4099851.67,34.458677,-97.96502
29245,PLANO TX,1117,WM Supercenter,Retail,True,6001 N CENTRAL EXPY,PLANO,COLLIN,TX,75023-4702,5,Open,,Y,Y,1117,No,Available,No,Available,-10764358.21,3902746.294,33.0562546,-96.698189
29246,BALCH SPRINGS TX,1118,WM Supercenter,Retail,True,12300 LAKE JUNE RD,BALCH SPRINGS,DALLAS,TX,75180-1636,5,Open,,Y,Y,1118,No,Available,Yes,Available,-10755176.57,3859761.812,32.7317074,-96.6157053
29247,NAPLES FL,1119,Wal-Mart,Retail,True,3451 TAMIAMI TRL E,NAPLES,COLLIER,FL,34112-4942,2,Open,,Y,Y,1119,No,,Yes,,-9101777.232,3014594.293,26.125135,-81.7625686
29248,STARKVILLE MS,112,WM Supercenter,Retail,True,1010 HIGHWAY 12 W,STARKVILLE,OKTIBBEHA,MS,39759-9167,5,Open,,Y,Y,112,Yes,Available,Yes,Available,-9890906.185,3954450.823,33.441887,-88.851845
29249,GLADSTONE MO,1120,WM Supercenter,Retail,True,7207 N M1 HWY,GLADSTONE,CLAY,MO,64119-5351,5,Open,,Y,Y,1120,No,Available,Yes,Available,-10524777.51,4754013.689,39.2252509,-94.545695
29250,MILLEDGEVILLE GA,1121,WM Supercenter,Retail,True,2592 N COLUMBIA ST,MILLEDGEVILLE,BALDWIN,GA,31061-8709,5,Open,,Y,Y,1121,No,,Yes,Available,-9269043.784,3910765.79,33.116388,-83.265303
29253,EASTANOLLEE GA,1122,WM Supercenter,Retail,True,3886 HIGHWAY 17 ALT,EASTANOLLEE,STEPHENS,GA,30538-3808,5,Open,,Y,Y,1122,No,,Yes,Available,-9271132.137,4102635.223,34.548417,-83.278896
29254,SENECA SC,1123,WM Supercenter,Retail,True,1636 SANDIFER BLVD,SENECA,OCONEE,SC,29678-0906,5,Open,,Y,Y,1123,Yes,,Yes,Available,-9239390.72,4121814.229,34.6897984,-82.9991984
29255,HARTSELLE AL,1124,WM Supercenter,Retail,True,1201 HIGHWAY 31 NW,HARTSELLE,MORGAN,AL,35640-4420,5,Open,,Y,Y,1124,No,Available,No,Available,-9679074.434,4089730.707,34.455998,-86.946889
29257,"NORMAL, IL",1125,WM Supercenter,Retail,True,300 GREENBRIAR DR,NORMAL,MCLEAN,IL,61761-2278,5,Open,,Y,Y,1125,Yes,Available,Yes,Available,-9901766.07,4941088.918,40.5160069,-88.9489583
29258,BOERNE TX,1126,WM Supercenter,Retail,True,1381 S MAIN ST,BOERNE,KENDALL,TX,78006-2846,5,Open,,Y,Y,1126,Yes,Available,Yes,Available,-10989944.59,3475136.417,29.7788846,-98.7243796
29262,MARKSVILLE LA,1128,WM Supercenter,Retail,True,7162 HIGHWAY 1,MARKSVILLE,AVOYELLES,LA,71350-4351,5,Open,,Y,Y,1128,Yes,Available,Yes,Available,-10248348.62,3645183.207,31.102495,-92.061651
29263,"AUSTIN (NW), TX",1129,WM Supercenter,Retail,True,13201 RANCH ROAD 620 N,AUSTIN,TRAVIS,TX,78717-1011,5,Open,,Y,Y,1129,No,Available,No,Available,-10885856.31,3563738.258,30.4474087,-97.8312366
29264,CHICKASHA OK,113,WM Supercenter,Retail,True,2001 S 1ST ST,CHICKASHA,GRADY,OK,73018-6007,2,Open,,Y,Y,113,Yes,Available,Yes,Available,-10901632.06,4168063.587,35.031027,-97.931081
29265,LAURENS SC,1130,WM Supercenter,Retail,True,922 E MAIN ST,LAURENS,LAURENS,SC,29360-3616,5,Open,,Y,Y,1130,Yes,Available,Yes,Available,-9126347.559,4094731.504,34.4891407,-81.9840085
29266,TAYLORSVILLE NC,1131,WM Supercenter,Retail,True,901 NC HIGHWAY 16 S,TAYLORSVILLE,ALEXANDER,NC,28681-8941,5,Open,,Y,Y,1131,Yes,Available,Yes,Available,-9036465.53,4288101.354,35.908919,-81.175949
29267,ASHEBORO NC,1132,WM Supercenter,Retail,True,1226 E DIXIE DR,ASHEBORO,RANDOLPH,NC,27203-8856,5,Open,,Y,Y,1132,No,Available,No,Available,-8882135.528,4258353.955,35.6925731,-79.7888995
29268,ALBEMARLE NC,1133,WM Supercenter,Retail,True,781 LEONARD AVE,ALBEMARLE,STANLY,NC,28001-5257,5,Open,,Y,Y,1133,No,,Yes,Available,-8925117.653,4210175.222,35.339904,-80.175704
29269,DE FUNIAK SPRINGS FL,1134,WM Supercenter,Retail,True,1226 FREEPORT HWY S,DEFUNIAK SPRINGS,WALTON,FL,32435-3396,5,Open,,Y,Y,1134,Yes,Available,Yes,Available,-9587390.365,3594432.532,30.781074,-85.224157
29270,HARTSVILLE SC,1135,WM Supercenter,Retail,True,1150 S 4TH ST,HARTSVILLE,DARLINGTON,SC,29550-0705,5,Open,,Y,Y,1135,Yes,Available,Yes,Available,-8912708.09,4076922.122,34.35764,-80.064158
29271,PORT ALLEN LA,1136,WM Supercenter,Retail,True,3255 LA HIGHWAY 1 S,PORT ALLEN,WEST BATON ROUGE,LA,70767-5858,5,Open,,Y,Y,1136,Yes,Available,Yes,Available,-10154211.85,3557713.168,30.4462191,-91.2102449
29272,HOUSTON (UVALDE) TX,1137,WM Supercenter,Retail,True,13750 EAST FWY,HOUSTON,HARRIS,TX,77015-5929,5,Open,,Y,Y,1137,No,,No,,-10595057.85,3473765.566,29.7701258,-95.1804728
29273,MADISON WI,1138,Wal-Mart,Retail,True,7202 WATTS RD,MADISON,DANE,WI,53719-2302,2,Open,,Y,Y,1138,Yes,Available,Yes,Available,-9964113.779,5319888.149,43.0516777,-89.5091886
29274,MOREHEAD KY,1139,WM Supercenter,Retail,True,200 WALMART WAY,MOREHEAD,ROWAN,KY,40351-7217,5,Open,,Y,Y,1139,No,,No,,-9293169.055,4607921.034,38.201668,-83.4828163
29275,BOONEVILLE MS,114,WM Supercenter,Retail,True,300 WALMART CIR,BOONEVILLE,PRENTISS,MS,38829-1018,5,Open,,Y,Y,114,No,,Yes,,-9858918.53,4120131.386,34.6774552,-88.5642221
29276,"MT.STERLING, KY",1140,WM Supercenter,Retail,True,499 INDIAN MOUND DR,MOUNT STERLING,MONTGOMERY,KY,40353-1096,5,Open,,Y,Y,1140,No,,Yes,Available,-9346154.572,4589184.577,38.0691996,-83.9577892
29277,GREENFIELD IN,1141,WM Supercenter,Retail,True,1965 N STATE ST,GREENFIELD,HANCOCK,IN,46140-1089,5,Open,,Y,Y,1141,No,Available,Yes,Available,-9547500.362,4838764.031,39.8125883,-85.766541
29278,SCOTTSBERG IN,1142,WM Supercenter,Retail,True,1618 W MCCLAIN AVE,SCOTTSBURG,SCOTT,IN,47170-1161,5,Open,,Y,Y,1142,No,,Yes,,-9550710.593,4677051.894,38.6882277,-85.796086
29279,SANDERSVILLE GA,1143,WM Supercenter,Retail,True,1308 S HARRIS ST,SANDERSVILLE,WASHINGTON,GA,31082-6913,5,Open,,Y,Y,1143,Yes,Available,Yes,Available,-9218604.254,3888921.63,32.9519665,-82.8122975
29280,YORK SC,1144,WM Supercenter,Retail,True,970 E LIBERTY ST,YORK,YORK,SC,29745-1662,5,Open,,Y,Y,1144,No,,Yes,,-9040613.294,4161638.814,34.9834635,-81.2132701
29282,MONCKS CORNER SC,1146,WM Supercenter,Retail,True,511 N HIGHWAY 52,MONCKS CORNER,BERKELEY,SC,29461-3132,5,Open,,Y,Y,1146,No,,No,Available,-8903949.25,3923327.925,33.208123,-79.983626
29283,FLIPPIN AR,1147,WM Supercenter,Retail,True,168 WALMART DR,FLIPPIN,MARION,AR,72634-8660,5,Open,,Y,Y,1147,No,,No,Available,-10308686.79,4338572.653,36.2752631,-92.6045654
29284,WICHITA FALLS TX,1148,WM Supercenter,Retail,True,3130 LAWRENCE RD,WICHITA FALLS,WICHITA,TX,76308-1607,5,Open,,Y,Y,1148,Yes,Available,Yes,Available,-10969678.77,4012188.386,33.8761886,-98.5422808
29285,"SAFFORD, AZ",1149,WM Supercenter,Retail,True,755 S 20TH AVE,SAFFORD,GRAHAM,AZ,85546-3322,5,Open,,Y,Y,1149,No,,No,Available,-12215115.11,3873119.61,32.8327592,-109.7301121
29286,"WEST POINT, MS",115,WM Supercenter,Retail,True,5509 HIGHWAY 45 ALT S,WEST POINT,CLAY,MS,39773-9353,5,Open,,Y,Y,115,No,,Yes,,-9869801.012,3973441.632,33.578925,-88.659318
29287,COLLEGE STATION TX,1150,WM Supercenter,Retail,True,1815 BROTHERS BLVD,COLLEGE STATION,BRAZOS,TX,77845-5413,5,Open,,Y,Y,1150,No,Not Available,No,Not Available,-10720073.87,3580557.083,30.5971125,-96.3000775
29288,KANSAS CITY KS,1151,WM Supercenter,Retail,True,10824 PARALLEL PKWY,KANSAS CITY,WYANDOTTE,KS,66109-3649,5,Open,,Y,Y,1151,Yes,Available,Yes,Available,-10556403.49,4740591.663,39.1326961,-94.8301114
29289,SIOUX CENTER IA,1152,WM Supercenter,Retail,True,255 16TH ST SW,SIOUX CENTER,SIOUX,IA,51250-2959,5,Open,,Y,Y,1152,No,,Yes,,-10706805.92,5321076.47,43.0600424,-96.1807076
29290,MACON GA,1153,WM Supercenter,Retail,True,6020 HARRISON RD,MACON,BIBB,GA,31206-4742,5,Open,,Y,Y,1153,Yes,,Yes,,-9319414.406,3869987.343,32.8091766,-83.7178249
29291,FREDERICKSBURG TX,1154,WM Supercenter,Retail,True,1435 E MAIN ST,FREDERICKSBURG,GILLESPIE,TX,78624-5273,5,Open,,Y,Y,1154,Yes,Available,Yes,Available,-11004211.3,3536394.366,30.255149,-98.8525116
29292,LUMBERTON NC,1155,WM Supercenter,Retail,True,5070 FAYETTEVILLE RD,LUMBERTON,ROBESON,NC,28358-2108,5,Open,,Y,Y,1155,No,Not Available,No,Not Available,-8794878.524,4118312.235,34.6640505,-79.0060198
29293,MOORESVILLE NC,1156,WM Supercenter,Retail,True,169 NORMAN STATION BLVD,MOORESVILLE,IREDELL,NC,28117-6396,5,Open,,Y,Y,1156,Yes,Not Available,Yes,Available,-9000723.179,4244271.181,35.5895326,-80.8549909
29294,N VERNON IN,1157,WM Supercenter,Retail,True,2410 N STATE HWY 3,NORTH VERNON,JENNINGS,IN,47265-6589,5,Open,,Y,Y,1157,No,,Yes,,-9533118.217,4724564.46,39.020324,-85.639976
29295,"ADAMSVILLE, AL",1158,WM Supercenter,Retail,True,2473 HACKWORTH RD,ADAMSVILLE,JEFFERSON,AL,35214-1909,5,Open,,Y,Y,1158,No,Available,Yes,Available,-9676361.8,3972417.946,33.5792471,-86.9246754
29296,NEW TAZEWELL TN,1159,Wal-Mart,Retail,True,432 S BROAD ST,NEW TAZEWELL,CLAIBORNE,TN,37825-7239,2,Open,,Y,Y,1159,No,,Yes,,-9307340.36,4361251.522,36.4394834,-83.6087453
29297,VIVIAN LA,116,Wal-Mart,Retail,True,929 S PINE ST,VIVIAN,CADDO,LA,71082-3364,5,Open,,Y,Y,116,No,,Yes,,-10462539.45,3876446.985,32.857781,-93.986591
29298,AURORA IN,1160,WM Supercenter,Retail,True,100 SYCAMORE ESTATES DR,AURORA,DEARBORN,IN,47001-1488,5,Open,,Y,Y,1160,Yes,Available,Yes,Available,-9449773.203,4733123.75,39.0798415,-84.8888252
29299,ST CHARLES MO,1161,WM Supercenter,Retail,True,2897 VETERANS MEMORIAL PKWY,SAINT CHARLES,ST. CHARLES,MO,63303-3526,5,Open,,Y,Y,1161,Yes,,Yes,,-10077535.65,4690546.284,38.7890339,-90.5478075
29300,WASHINGTON IN,1162,WM Supercenter,Retail,True,1801 S STATE ROAD 57,WASHINGTON,DAVIESS,IN,47501-4326,5,Open,,Y,Y,1162,Yes,Available,Yes,Available,-9705273.365,4669083.294,38.639882,-87.176879
29301,GRETNA LA,1163,WM Supercenter,Retail,True,4001 BEHRMAN PL,NEW ORLEANS,JEFFERSON,LA,70114-0932,5,Open,,Y,Y,1163,Yes,Not Available,Yes,Available,-10020931.02,3492152.089,29.9164349,-90.0176675
29302,COLUMBIA SC,1164,WM Supercenter,Retail,True,360 HARBISON BLVD,COLUMBIA,LEXINGTON,SC,29212-2248,5,Open,,Y,Y,1164,No,Not Available,No,Not Available,-9033702.692,4038743.424,34.0745153,-81.1504793
29303,RADCLIFF KY,1165,WM Supercenter,Retail,True,1165 WALMART WAY,RADCLIFF,HARDIN,KY,40160-1471,5,Open,,Y,Y,1165,No,Available,Yes,Available,-9567120.979,4558094.632,37.8483689,-85.9418187
29304,ELIZABETHTOWN NC,1166,Wal-Mart,Retail,True,1347 W BROAD ST,ELIZABETHTOWN,BLADEN,NC,28337-9548,2,Open,,Y,Y,1166,No,,No,,-8751935.138,4113813.944,34.630698,-78.6199
29305,KENOSHA WI,1167,WM Supercenter,Retail,True,3500 BRUMBACK BLVD,KENOSHA,KENOSHA,WI,53144-4816,5,Open,,Y,Y,1167,No,Available,No,Available,-9783211.368,5252121.243,42.604659,-87.881488
29306,COLUMBIA MS,1168,WM Supercenter,Retail,True,1001 HIGHWAY 98 BYP,COLUMBIA,MARION,MS,39429-3741,5,Open,,Y,Y,1168,No,,Yes,Available,-9997984.07,3664474.771,31.242862,-89.80882
29307,SPRINGHILL LA,1169,WM Supercenter,Retail,True,1920 S ARKANSAS ST,SPRINGHILL,WEBSTER,LA,71075-4320,5,Open,,Y,Y,1169,No,,Yes,,-10404222.84,3893260.447,32.9846612,-93.462748
29308,BROKEN BOW OK,117,Wal-Mart,Retail,True,501 S PARK DR,BROKEN BOW,MCCURTAIN,OK,74728-5329,2,Open,,Y,Y,117,No,,Yes,,-10546181.13,4031798.511,34.0224747,-94.7379472
29309,LOUISVILLE KY,1170,WM Supercenter,Retail,True,10445 DIXIE HWY,LOUISVILLE,JEFFERSON,KY,40272-3953,5,Open,,Y,Y,1170,No,,Yes,,-9558581.883,4593931.464,38.1028028,-85.8654501
29310,SARASOTA FL,1171,WM Supercenter,Retail,True,8320 LOCKWOOD RIDGE RD,SARASOTA,MANATEE,FL,34243-2902,5,Open,,Y,Y,1171,No,,No,,-9184622.31,3172554.857,27.3926101,-82.5076913
29311,JACKSONVILLE BEACH FL,1172,WM Supercenter,Retail,True,13490 BEACH BLVD,JACKSONVILLE,DUVAL,FL,32224-0290,5,Open,,Y,Y,1172,Yes,Available,Yes,Available,-9068380.494,3540199.15,30.2847567,-81.4626708
